/*
SQLyog Enterprise v8.32 
MySQL - 5.7.16-log : Database - demo
*********************************************************************
*/

/*!40101 SET NAMES utf8 */;

/*!40101 SET SQL_MODE=''*/;

/*!40014 SET @OLD_UNIQUE_CHECKS=@@UNIQUE_CHECKS, UNIQUE_CHECKS=0 */;
/*!40014 SET @OLD_FOREIGN_KEY_CHECKS=@@FOREIGN_KEY_CHECKS, FOREIGN_KEY_CHECKS=0 */;
/*!40101 SET @OLD_SQL_MODE=@@SQL_MODE, SQL_MODE='NO_AUTO_VALUE_ON_ZERO' */;
/*!40111 SET @OLD_SQL_NOTES=@@SQL_NOTES, SQL_NOTES=0 */;
CREATE DATABASE /*!32312 IF NOT EXISTS*/`demo` /*!40100 DEFAULT CHARACTER SET utf8 COLLATE utf8_unicode_ci */;

USE `demo`;

/*Table structure for table `login` */

DROP TABLE IF EXISTS `login`;

CREATE TABLE `login` (
  `id` int(5) NOT NULL AUTO_INCREMENT,
  `userid` int(5) DEFAULT NULL,
  `starttime` varchar(20) COLLATE utf8_unicode_ci DEFAULT NULL,
  `lastaccesstime` varchar(20) COLLATE utf8_unicode_ci DEFAULT NULL,
  `host` varchar(20) COLLATE utf8_unicode_ci DEFAULT NULL,
  PRIMARY KEY (`id`)
) ENGINE=InnoDB AUTO_INCREMENT=368 DEFAULT CHARSET=utf8 COLLATE=utf8_unicode_ci;

/*Data for the table `login` */

insert  into `login`(`id`,`userid`,`starttime`,`lastaccesstime`,`host`) values (16,1,'2017-09-12 16:49:49','2017-09-12 17:33:09','127.0.0.1'),(17,1,'2017-09-12 16:49:49','2017-09-12 18:18:21','127.0.0.1'),(18,1,'2017-09-12 18:24:51','2017-09-12 18:24:51','127.0.0.1'),(19,1,'2017-09-12 18:25:01','2017-09-12 18:25:01','10.234.138.180'),(20,1,'2017-09-12 18:24:51','2017-09-12 18:28:11','127.0.0.1'),(21,1,'2017-09-12 18:24:53','2017-09-12 18:28:29','0:0:0:0:0:0:0:1'),(22,1,'2017-09-12 18:29:19','2017-09-12 18:29:19','127.0.0.1'),(23,1,'2017-09-12 18:29:32','2017-09-12 18:29:34','0:0:0:0:0:0:0:1'),(24,1,'2017-09-12 18:29:32','2017-09-12 18:29:54','0:0:0:0:0:0:0:1'),(25,1,'2017-09-12 18:38:11','2017-09-12 18:38:11','127.0.0.1'),(26,1,'2017-09-12 18:38:43','2017-09-12 18:38:43','0:0:0:0:0:0:0:1'),(27,1,'2017-09-12 18:50:55','2017-09-12 18:51:00','127.0.0.1'),(28,1,'2017-09-12 18:52:22','2017-09-12 18:52:34','127.0.0.1'),(29,1,'2017-09-12 18:52:52','2017-09-12 18:52:53','0:0:0:0:0:0:0:1'),(30,1,'2017-09-12 18:54:17','2017-09-12 18:54:17','127.0.0.1'),(31,1,'2017-09-12 18:54:37','2017-09-12 18:54:37','0:0:0:0:0:0:0:1'),(32,1,'2017-09-13 10:30:16','2017-09-13 10:30:16','0:0:0:0:0:0:0:1'),(33,1,'2017-09-13 10:30:30','2017-09-13 10:30:30','10.234.138.180'),(34,1,'2017-09-13 10:39:57','2017-09-13 10:39:57','10.234.138.180'),(35,1,'2017-09-13 10:40:15','2017-09-13 10:40:15','0:0:0:0:0:0:0:1'),(36,1,'2017-09-13 10:39:57','2017-09-13 10:41:56','10.234.138.180'),(37,1,'2017-09-13 10:43:00','2017-09-13 10:43:05','10.234.138.180'),(38,1,'2017-09-13 10:43:34','2017-09-13 10:43:34','0:0:0:0:0:0:0:1'),(39,1,'2017-09-13 10:44:39','2017-09-13 10:44:39','0:0:0:0:0:0:0:1'),(40,1,'2017-09-13 10:45:07','2017-09-13 10:45:07','10.234.138.180'),(41,1,'2017-09-13 10:44:39','2017-09-13 10:45:24','0:0:0:0:0:0:0:1'),(42,1,'2017-09-13 10:44:39','2017-09-13 10:45:47','0:0:0:0:0:0:0:1'),(43,1,'2017-09-13 11:13:26','2017-09-13 11:13:26','0:0:0:0:0:0:0:1'),(44,1,'2017-09-13 11:13:44','2017-09-13 11:13:45','10.234.138.180'),(45,1,'2017-09-13 11:13:26','2017-09-13 11:14:57','0:0:0:0:0:0:0:1'),(46,1,'2017-09-13 11:13:44','2017-09-13 11:15:14','10.234.138.180'),(47,1,'2017-09-13 11:13:26','2017-09-13 11:15:06','0:0:0:0:0:0:0:1'),(48,1,'2017-09-13 11:50:57','2017-09-13 11:50:58','127.0.0.1'),(49,1,'2017-09-13 11:51:12','2017-09-13 11:51:13','10.234.138.180'),(50,1,'2017-09-13 11:53:16','2017-09-13 11:53:16','0:0:0:0:0:0:0:1'),(51,1,'2017-09-13 11:54:46','2017-09-13 11:54:47','127.0.0.1'),(52,1,'2017-09-13 11:55:01','2017-09-13 11:55:02','0:0:0:0:0:0:0:1'),(53,1,'2017-09-13 14:16:00','2017-09-13 14:16:00','127.0.0.1'),(54,1,'2017-09-13 14:16:16','2017-09-13 14:16:18','0:0:0:0:0:0:0:1'),(55,1,'2017-09-13 14:16:16','2017-09-13 14:17:31','0:0:0:0:0:0:0:1'),(56,1,'2017-09-13 14:37:13','2017-09-13 14:37:13','0:0:0:0:0:0:0:1'),(57,1,'2017-09-13 14:37:13','2017-09-13 14:38:21','0:0:0:0:0:0:0:1'),(58,1,'2017-09-13 14:16:00','2017-09-13 14:38:56','127.0.0.1'),(59,1,'2017-09-13 14:39:17','2017-09-13 14:39:17','0:0:0:0:0:0:0:1'),(60,1,'2017-09-13 15:27:54','2017-09-13 15:27:55','127.0.0.1'),(61,1,'2017-09-13 15:28:07','2017-09-13 15:28:08','0:0:0:0:0:0:0:1'),(62,1,'2017-09-13 15:35:30','2017-09-13 15:35:30','127.0.0.1'),(63,1,'2017-09-13 15:35:50','2017-09-13 15:35:51','0:0:0:0:0:0:0:1'),(64,1,'2017-09-13 16:35:00','2017-09-13 16:35:00','127.0.0.1'),(65,1,'2017-09-13 16:37:04','2017-09-13 16:37:04','127.0.0.1'),(66,1,'2017-09-13 16:37:20','2017-09-13 16:37:21','0:0:0:0:0:0:0:1'),(67,1,'2017-09-13 16:39:12','2017-09-13 16:39:12','0:0:0:0:0:0:0:1'),(68,1,'2017-09-13 16:42:32','2017-09-13 16:42:32','127.0.0.1'),(69,1,'2017-09-13 16:43:02','2017-09-13 16:43:02','0:0:0:0:0:0:0:1'),(70,1,'2017-09-13 16:45:48','2017-09-13 16:45:48','10.234.138.180'),(71,1,'2017-09-13 16:48:21','2017-09-13 16:48:21','0:0:0:0:0:0:0:1'),(72,1,'2017-09-13 16:51:39','2017-09-13 16:51:39','10.234.138.180'),(73,1,'2017-09-13 16:52:06','2017-09-13 16:52:06','0:0:0:0:0:0:0:1'),(74,1,'2017-09-13 16:55:43','2017-09-13 16:55:44','10.234.138.180'),(75,1,'2017-09-13 16:56:17','2017-09-13 16:56:17','0:0:0:0:0:0:0:1'),(76,1,'2017-09-13 16:55:43','2017-09-13 16:57:44','10.234.138.180'),(77,1,'2017-09-13 16:58:12','2017-09-13 16:58:19','0:0:0:0:0:0:0:1'),(78,1,'2017-09-13 16:58:58','2017-09-13 16:58:58','127.0.0.1'),(79,1,'2017-09-13 16:55:43','2017-09-13 16:59:42','10.234.138.180'),(80,1,'2017-09-13 16:58:12','2017-09-13 17:00:03','0:0:0:0:0:0:0:1'),(81,1,'2017-09-13 17:00:30','2017-09-13 17:00:30','0:0:0:0:0:0:0:1'),(82,1,'2017-09-13 17:02:50','2017-09-13 17:02:50','10.234.138.180'),(83,1,'2017-09-13 17:03:19','2017-09-13 17:03:23','0:0:0:0:0:0:0:1'),(84,1,'2017-09-13 17:06:31','2017-09-13 17:06:31','10.234.138.180'),(85,1,'2017-09-13 17:06:58','2017-09-13 17:06:58','0:0:0:0:0:0:0:1'),(86,1,'2017-09-13 17:35:42','2017-09-13 17:35:42','10.234.138.180'),(87,1,'2017-09-13 17:36:17','2017-09-13 17:36:17','10.234.138.180'),(88,1,'2017-09-13 17:37:11','2017-09-13 17:37:11','0:0:0:0:0:0:0:1'),(89,1,'2017-09-13 17:41:53','2017-09-13 17:41:53','0:0:0:0:0:0:0:1'),(90,1,'2017-09-13 17:42:43','2017-09-13 17:42:43','10.234.138.180'),(91,1,'2017-09-13 17:44:56','2017-09-13 17:44:56','0:0:0:0:0:0:0:1'),(92,1,'2017-09-13 17:45:19','2017-09-13 17:45:19','10.234.138.180'),(93,1,'2017-09-13 17:46:24','2017-09-13 17:46:25','10.234.138.180'),(94,1,'2017-09-13 17:46:44','2017-09-13 17:46:45','0:0:0:0:0:0:0:1'),(95,1,'2017-09-13 17:49:13','2017-09-13 17:49:13','10.234.138.180'),(96,1,'2017-09-13 17:49:40','2017-09-13 17:49:40','0:0:0:0:0:0:0:1'),(97,1,'2017-09-13 17:50:51','2017-09-13 17:51:04','10.234.138.180'),(98,1,'2017-09-13 17:51:54','2017-09-13 17:51:54','0:0:0:0:0:0:0:1'),(99,1,'2017-09-13 17:52:26','2017-09-13 17:52:26','10.234.138.180'),(100,1,'2017-09-13 17:55:15','2017-09-13 17:55:15','10.234.138.180'),(101,1,'2017-09-13 17:55:48','2017-09-13 17:55:49','0:0:0:0:0:0:0:1'),(102,1,'2017-09-13 17:57:28','2017-09-13 17:57:28','10.234.138.180'),(103,1,'2017-09-13 17:57:28','2017-09-13 17:57:28','10.234.138.180'),(104,1,'2017-09-13 17:58:09','2017-09-13 17:58:09','0:0:0:0:0:0:0:1'),(105,1,'2017-09-13 17:58:46','2017-09-13 17:58:46','10.234.138.180'),(106,1,'2017-09-13 17:59:14','2017-09-13 17:59:14','0:0:0:0:0:0:0:1'),(107,1,'2017-09-13 18:08:18','2017-09-13 18:08:18','10.234.138.180'),(108,1,'2017-09-13 18:09:34','2017-09-13 18:09:34','0:0:0:0:0:0:0:1'),(109,1,'2017-09-13 18:16:53','2017-09-13 18:16:53','10.234.138.180'),(110,1,'2017-09-13 18:17:26','2017-09-13 18:17:26','0:0:0:0:0:0:0:1'),(111,1,'2017-09-14 09:49:18','2017-09-14 09:49:18','127.0.0.1'),(112,1,'2017-09-14 09:49:18','2017-09-14 09:49:40','127.0.0.1'),(113,1,'2017-09-14 09:51:53','2017-09-14 09:52:01','0:0:0:0:0:0:0:1'),(114,1,'2017-09-14 10:07:00','2017-09-14 10:07:01','127.0.0.1'),(115,1,'2017-09-14 10:07:16','2017-09-14 10:07:16','0:0:0:0:0:0:0:1'),(116,1,'2017-09-14 10:07:38','2017-09-14 10:07:38','0:0:0:0:0:0:0:1'),(117,1,'2017-09-14 10:07:00','2017-09-14 10:28:23','127.0.0.1'),(118,1,'2017-09-14 10:29:33','2017-09-14 10:29:33','0:0:0:0:0:0:0:1'),(119,1,'2017-09-14 10:07:00','2017-09-14 10:30:56','127.0.0.1'),(120,1,'2017-09-14 10:31:24','2017-09-14 10:31:24','0:0:0:0:0:0:0:1'),(121,1,'2017-09-14 11:36:34','2017-09-14 11:36:41','127.0.0.1'),(122,1,'2017-09-14 11:37:52','2017-09-14 11:38:10','0:0:0:0:0:0:0:1'),(123,1,'2017-09-14 11:36:34','2017-09-14 11:39:24','127.0.0.1'),(124,1,'2017-09-14 11:41:58','2017-09-14 11:42:04','0:0:0:0:0:0:0:1'),(125,1,'2017-09-14 11:42:08','2017-09-14 11:42:48','127.0.0.1'),(126,1,'2017-09-14 11:43:45','2017-09-14 11:43:51','0:0:0:0:0:0:0:1'),(127,1,'2017-09-14 11:44:56','2017-09-14 11:45:05','127.0.0.1'),(128,1,'2017-09-14 11:45:16','2017-09-14 11:45:22','0:0:0:0:0:0:0:1'),(129,1,'2017-09-14 11:46:56','2017-09-14 11:47:04','0:0:0:0:0:0:0:1'),(130,1,'2017-09-14 11:46:38','2017-09-14 11:47:15','127.0.0.1'),(131,1,'2017-09-14 11:47:31','2017-09-14 11:47:41','127.0.0.1'),(132,1,'2017-09-14 11:47:31','2017-09-14 11:48:20','127.0.0.1'),(133,1,'2017-09-14 11:48:25','2017-09-14 11:48:31','0:0:0:0:0:0:0:1'),(134,1,'2017-09-14 11:48:31','2017-09-14 11:48:58','0:0:0:0:0:0:0:1'),(135,1,'2017-09-14 11:56:10','2017-09-14 11:56:26','127.0.0.1'),(136,1,'2017-09-14 11:56:34','2017-09-14 11:56:40','0:0:0:0:0:0:0:1'),(137,1,'2017-09-14 11:57:27','2017-09-14 11:57:40','127.0.0.1'),(138,1,'2017-09-14 11:57:46','2017-09-14 11:57:52','0:0:0:0:0:0:0:1'),(139,1,'2017-09-14 11:58:00','2017-09-14 12:01:39','127.0.0.1'),(140,1,'2017-09-14 12:01:42','2017-09-14 12:01:48','0:0:0:0:0:0:0:1'),(141,1,'2017-09-14 12:01:48','2017-09-14 12:02:00','0:0:0:0:0:0:0:1'),(142,1,'2017-09-14 13:53:24','2017-09-14 13:53:43','127.0.0.1'),(143,1,'2017-09-14 13:53:57','2017-09-14 13:54:06','0:0:0:0:0:0:0:1'),(144,1,'2017-09-14 13:55:54','2017-09-14 13:56:02','127.0.0.1'),(145,1,'2017-09-14 13:56:07','2017-09-14 13:56:12','0:0:0:0:0:0:0:1'),(146,1,'2017-09-14 13:56:12','2017-09-14 13:56:23','0:0:0:0:0:0:0:1'),(147,1,'2017-09-14 13:56:26','2017-09-14 13:56:43','127.0.0.1'),(148,1,'2017-09-14 13:56:43','2017-09-14 13:57:02','127.0.0.1'),(149,1,'2017-09-14 13:58:45','2017-09-14 13:58:59','127.0.0.1'),(150,1,'2017-09-14 13:59:04','2017-09-14 13:59:21','0:0:0:0:0:0:0:1'),(151,1,'2017-09-14 14:01:55','2017-09-14 14:02:03','127.0.0.1'),(152,1,'2017-09-14 14:01:36','2017-09-14 14:02:15','0:0:0:0:0:0:0:1'),(153,1,'2017-09-14 14:03:21','2017-09-14 14:03:34','0:0:0:0:0:0:0:1'),(154,1,'2017-09-14 14:02:53','2017-09-14 14:03:47','127.0.0.1'),(155,1,'2017-09-14 14:06:18','2017-09-14 14:06:24','0:0:0:0:0:0:0:1'),(156,1,'2017-09-14 14:06:33','2017-09-14 14:06:39','127.0.0.1'),(157,1,'2017-09-14 14:06:39','2017-09-14 14:07:51','127.0.0.1'),(158,1,'2017-09-14 14:06:39','2017-09-14 14:11:04','127.0.0.1'),(159,1,'2017-09-14 14:12:15','2017-09-14 14:12:31','127.0.0.1'),(160,1,'2017-09-14 14:12:43','2017-09-14 14:12:48','0:0:0:0:0:0:0:1'),(161,1,'2017-09-14 14:18:01','2017-09-14 14:18:32','127.0.0.1'),(162,1,'2017-09-14 14:18:13','2017-09-14 14:18:46','0:0:0:0:0:0:0:1'),(163,1,'2017-09-14 14:19:15','2017-09-14 14:19:35','127.0.0.1'),(164,1,'2017-09-14 14:19:47','2017-09-14 14:19:53','0:0:0:0:0:0:0:1'),(165,1,'2017-09-14 14:19:57','2017-09-14 14:20:10','127.0.0.1'),(166,1,'2017-09-14 14:55:55','2017-09-14 14:56:07','127.0.0.1'),(167,1,'2017-09-14 15:37:04','2017-09-14 15:37:10','127.0.0.1'),(168,1,'2017-09-14 15:58:16','2017-09-14 15:58:24','127.0.0.1'),(169,1,'2017-09-14 16:36:44','2017-09-14 16:36:51','127.0.0.1'),(170,1,'2017-09-14 17:37:10','2017-09-14 17:37:17','0:0:0:0:0:0:0:1'),(171,1,'2017-09-14 18:02:24','2017-09-14 18:02:31','0:0:0:0:0:0:0:1'),(172,1,'2017-09-14 18:04:23','2017-09-14 18:04:30','0:0:0:0:0:0:0:1'),(173,1,'2017-09-14 18:39:58','2017-09-14 18:40:07','0:0:0:0:0:0:0:1'),(174,1,'2017-09-14 18:50:17','2017-09-14 18:50:24','0:0:0:0:0:0:0:1'),(175,1,'2017-09-14 18:53:49','2017-09-14 18:53:55','0:0:0:0:0:0:0:1'),(176,1,'2017-09-14 18:55:31','2017-09-14 18:55:37','0:0:0:0:0:0:0:1'),(177,1,'2017-09-15 09:53:38','2017-09-15 09:53:46','127.0.0.1'),(178,1,'2017-09-15 09:58:47','2017-09-15 09:58:54','127.0.0.1'),(179,1,'2017-09-15 10:31:03','2017-09-15 10:31:11','127.0.0.1'),(180,1,'2017-09-15 11:18:56','2017-09-15 11:19:03','127.0.0.1'),(181,1,'2017-09-15 11:21:26','2017-09-15 11:21:33','127.0.0.1'),(182,1,'2017-09-15 11:24:04','2017-09-15 11:24:12','127.0.0.1'),(183,1,'2017-09-15 11:27:37','2017-09-15 11:27:44','127.0.0.1'),(184,1,'2017-09-15 11:35:02','2017-09-15 11:35:09','127.0.0.1'),(185,1,'2017-09-15 11:40:13','2017-09-15 11:40:19','127.0.0.1'),(186,1,'2017-09-15 11:44:54','2017-09-15 11:45:01','127.0.0.1'),(187,1,'2017-09-15 11:45:43','2017-09-15 11:45:49','127.0.0.1'),(188,1,'2017-09-15 11:54:19','2017-09-15 11:54:26','127.0.0.1'),(189,1,'2017-09-15 11:56:41','2017-09-15 11:56:53','127.0.0.1'),(190,1,'2017-09-15 12:01:25','2017-09-15 12:01:32','127.0.0.1'),(191,1,'2017-09-15 13:52:07','2017-09-15 13:52:15','127.0.0.1'),(192,1,'2017-09-15 13:53:15','2017-09-15 13:53:21','127.0.0.1'),(193,1,'2017-09-15 13:54:45','2017-09-15 13:54:52','127.0.0.1'),(194,1,'2017-09-15 13:58:58','2017-09-15 13:59:05','127.0.0.1'),(195,1,'2017-09-15 14:04:04','2017-09-15 14:04:11','127.0.0.1'),(196,1,'2017-09-15 14:05:08','2017-09-15 14:05:22','127.0.0.1'),(197,1,'2017-09-15 14:08:08','2017-09-15 14:08:13','127.0.0.1'),(198,1,'2017-09-15 14:12:57','2017-09-15 14:13:03','127.0.0.1'),(199,1,'2017-09-15 14:14:11','2017-09-15 14:14:17','127.0.0.1'),(200,1,'2017-09-15 14:16:03','2017-09-15 14:16:09','127.0.0.1'),(201,1,'2017-09-15 14:16:45','2017-09-15 14:16:51','127.0.0.1'),(202,1,'2017-09-15 14:58:34','2017-09-15 14:58:40','127.0.0.1'),(203,1,'2017-09-15 15:37:27','2017-09-15 15:37:33','127.0.0.1'),(204,1,'2017-09-15 15:39:24','2017-09-15 15:39:30','127.0.0.1'),(205,1,'2017-09-15 15:40:08','2017-09-15 15:40:16','127.0.0.1'),(206,1,'2017-09-15 16:14:36','2017-09-15 16:15:00','127.0.0.1'),(207,1,'2017-09-15 16:19:48','2017-09-15 16:19:55','127.0.0.1'),(208,1,'2017-09-15 16:21:29','2017-09-15 16:21:36','127.0.0.1'),(209,1,'2017-09-15 16:24:08','2017-09-15 16:24:44','127.0.0.1'),(210,1,'2017-09-15 16:26:34','2017-09-15 16:26:48','127.0.0.1'),(211,1,'2017-09-15 16:28:05','2017-09-15 16:28:13','127.0.0.1'),(212,1,'2017-09-15 16:29:37','2017-09-15 16:30:18','127.0.0.1'),(213,1,'2017-09-15 17:00:08','2017-09-15 17:00:14','127.0.0.1'),(214,1,'2017-09-15 17:27:40','2017-09-15 17:27:52','127.0.0.1'),(215,1,'2017-09-15 17:30:26','2017-09-15 17:30:32','127.0.0.1'),(216,1,'2017-09-15 17:31:13','2017-09-15 17:31:21','127.0.0.1'),(217,1,'2017-09-15 17:32:41','2017-09-15 17:32:46','127.0.0.1'),(218,1,'2017-09-15 17:33:35','2017-09-15 17:33:41','127.0.0.1'),(219,1,'2017-09-15 17:35:38','2017-09-15 17:35:47','127.0.0.1'),(220,1,'2017-09-15 17:38:44','2017-09-15 17:38:53','127.0.0.1'),(221,1,'2017-09-15 17:42:27','2017-09-15 17:42:32','127.0.0.1'),(222,1,'2017-09-15 17:46:31','2017-09-15 17:46:37','127.0.0.1'),(223,1,'2017-09-15 18:21:06','2017-09-15 18:21:11','127.0.0.1'),(224,1,'2017-09-15 18:34:59','2017-09-15 18:35:05','127.0.0.1'),(225,1,'2017-09-18 09:57:28','2017-09-18 09:57:35','127.0.0.1'),(226,1,'2017-09-18 10:07:36','2017-09-18 10:07:42','127.0.0.1'),(227,1,'2017-09-18 10:09:15','2017-09-18 10:09:21','127.0.0.1'),(228,1,'2017-09-18 10:11:09','2017-09-18 10:11:14','127.0.0.1'),(229,1,'2017-09-18 10:13:05','2017-09-18 10:13:15','127.0.0.1'),(230,1,'2017-09-18 10:15:36','2017-09-18 10:15:42','127.0.0.1'),(231,1,'2017-09-18 10:16:31','2017-09-18 10:16:37','127.0.0.1'),(232,1,'2017-09-18 11:06:14','2017-09-18 11:06:20','127.0.0.1'),(233,1,'2017-09-18 11:08:32','2017-09-18 11:08:38','127.0.0.1'),(234,1,'2017-09-18 11:54:12','2017-09-18 11:54:17','127.0.0.1'),(235,1,'2017-09-18 11:56:05','2017-09-18 11:56:10','127.0.0.1'),(236,1,'2017-09-18 18:03:00','2017-09-18 18:03:12','127.0.0.1'),(237,1,'2017-09-18 18:39:41','2017-09-18 18:39:49','127.0.0.1'),(238,1,'2017-09-19 11:44:33','2017-09-19 11:44:43','127.0.0.1'),(239,1,'2017-09-19 11:44:33','2017-09-19 11:44:43','127.0.0.1'),(240,1,'2017-09-19 14:22:24','2017-09-19 14:22:31','127.0.0.1'),(241,1,'2017-09-19 14:29:51','2017-09-19 14:30:03','127.0.0.1'),(242,1,'2017-09-19 14:35:09','2017-09-19 14:35:17','127.0.0.1'),(243,1,'2017-09-19 14:57:37','2017-09-19 14:57:43','127.0.0.1'),(244,1,'2017-09-19 15:10:05','2017-09-19 15:10:12','127.0.0.1'),(245,1,'2017-09-19 15:58:52','2017-09-19 15:59:07','127.0.0.1'),(246,1,'2017-09-19 16:22:17','2017-09-19 16:22:24','127.0.0.1'),(247,1,'2017-09-19 16:24:07','2017-09-19 16:24:13','127.0.0.1'),(248,1,'2017-09-19 16:25:26','2017-09-19 16:25:38','127.0.0.1'),(249,1,'2017-09-19 16:56:49','2017-09-19 16:56:57','127.0.0.1'),(250,1,'2017-09-19 17:09:49','2017-09-19 17:09:55','127.0.0.1'),(251,1,'2017-09-19 17:32:12','2017-09-19 17:32:21','127.0.0.1'),(252,1,'2017-09-19 17:44:33','2017-09-19 17:44:42','127.0.0.1'),(253,1,'2017-09-19 18:02:58','2017-09-19 18:03:12','127.0.0.1'),(254,1,'2017-09-20 11:12:56','2017-09-20 11:13:04','127.0.0.1'),(255,1,'2017-09-20 11:17:43','2017-09-20 11:17:50','127.0.0.1'),(256,1,'2017-09-20 15:34:31','2017-09-20 15:34:38','127.0.0.1'),(257,1,'2017-09-20 15:39:33','2017-09-20 15:39:41','127.0.0.1'),(258,1,'2017-09-20 15:40:36','2017-09-20 15:40:43','127.0.0.1'),(259,1,'2017-09-20 15:43:00','2017-09-20 15:43:07','127.0.0.1'),(260,1,'2017-09-20 15:50:18','2017-09-20 15:50:26','127.0.0.1'),(261,1,'2017-09-20 15:52:09','2017-09-20 15:52:17','127.0.0.1'),(262,1,'2017-09-20 16:24:09','2017-09-20 16:24:15','127.0.0.1'),(263,1,'2017-09-20 16:27:41','2017-09-20 16:27:47','127.0.0.1'),(264,1,'2017-09-20 16:28:28','2017-09-20 16:28:34','127.0.0.1'),(265,1,'2017-09-20 16:29:14','2017-09-20 16:29:21','127.0.0.1'),(266,1,'2017-09-20 16:31:37','2017-09-20 16:31:45','127.0.0.1'),(267,1,'2017-09-20 16:33:01','2017-09-20 16:33:07','127.0.0.1'),(268,1,'2017-09-20 16:37:19','2017-09-20 16:37:24','127.0.0.1'),(269,1,'2017-09-20 16:40:18','2017-09-20 16:40:26','127.0.0.1'),(270,1,'2017-09-20 16:42:06','2017-09-20 16:42:12','127.0.0.1'),(271,1,'2017-09-20 16:48:12','2017-09-20 16:48:18','127.0.0.1'),(272,1,'2017-09-20 16:50:38','2017-09-20 16:50:44','127.0.0.1'),(273,1,'2017-09-20 16:51:43','2017-09-20 16:51:49','127.0.0.1'),(274,1,'2017-09-20 17:19:12','2017-09-20 17:19:19','127.0.0.1'),(275,1,'2017-09-20 17:23:09','2017-09-20 17:23:17','127.0.0.1'),(276,1,'2017-09-20 17:24:48','2017-09-20 17:24:55','127.0.0.1'),(277,1,'2017-09-20 17:48:11','2017-09-20 17:48:17','127.0.0.1'),(278,1,'2017-09-20 17:49:19','2017-09-20 17:49:26','127.0.0.1'),(279,1,'2017-09-20 17:51:02','2017-09-20 17:51:07','127.0.0.1'),(280,1,'2017-09-20 17:52:17','2017-09-20 17:52:22','127.0.0.1'),(281,1,'2017-09-20 17:54:26','2017-09-20 17:54:32','127.0.0.1'),(282,1,'2017-09-20 17:59:35','2017-09-20 17:59:40','127.0.0.1'),(283,1,'2017-09-20 18:03:01','2017-09-20 18:03:07','127.0.0.1'),(284,1,'2017-09-20 18:04:02','2017-09-20 18:04:17','127.0.0.1'),(285,1,'2017-09-20 18:06:15','2017-09-20 18:06:21','127.0.0.1'),(286,1,'2017-09-20 18:07:05','2017-09-20 18:07:11','127.0.0.1'),(287,1,'2017-09-20 18:08:09','2017-09-20 18:08:16','127.0.0.1'),(288,1,'2017-09-20 18:15:50','2017-09-20 18:15:56','127.0.0.1'),(289,1,'2017-09-20 18:22:33','2017-09-20 18:22:39','127.0.0.1'),(290,1,'2017-09-20 18:24:24','2017-09-20 18:24:29','127.0.0.1'),(291,1,'2017-09-20 18:35:45','2017-09-20 18:35:52','127.0.0.1'),(292,1,'2017-09-20 18:39:32','2017-09-20 18:39:38','127.0.0.1'),(293,1,'2017-09-20 18:43:12','2017-09-20 18:43:19','127.0.0.1'),(294,1,'2017-09-20 18:47:17','2017-09-20 18:47:23','127.0.0.1'),(295,1,'2017-09-21 09:56:56','2017-09-21 09:57:07','127.0.0.1'),(296,1,'2017-09-21 09:56:56','2017-09-21 09:57:07','127.0.0.1'),(297,1,'2017-09-21 10:02:46','2017-09-21 10:02:54','127.0.0.1'),(298,1,'2017-09-21 10:03:38','2017-09-21 10:03:45','127.0.0.1'),(299,1,'2017-09-21 10:13:25','2017-09-21 10:13:32','127.0.0.1'),(300,1,'2017-09-21 10:15:40','2017-09-21 10:15:46','127.0.0.1'),(301,1,'2017-09-21 10:20:40','2017-09-21 10:20:47','127.0.0.1'),(302,1,'2017-09-21 10:22:06','2017-09-21 10:22:13','127.0.0.1'),(303,1,'2017-09-21 10:23:22','2017-09-21 10:23:34','127.0.0.1'),(304,1,'2017-09-21 10:55:21','2017-09-21 10:55:28','127.0.0.1'),(305,1,'2017-09-21 11:04:02','2017-09-21 11:04:10','127.0.0.1'),(306,1,'2017-09-21 11:05:33','2017-09-21 11:05:40','127.0.0.1'),(307,1,'2017-09-21 11:06:45','2017-09-21 11:06:52','127.0.0.1'),(308,1,'2017-09-21 11:07:49','2017-09-21 11:07:55','127.0.0.1'),(309,1,'2017-09-21 11:09:28','2017-09-21 11:09:33','127.0.0.1'),(310,1,'2017-09-21 11:14:15','2017-09-21 11:14:21','127.0.0.1'),(311,1,'2017-09-21 11:19:31','2017-09-21 11:19:37','127.0.0.1'),(312,1,'2017-09-21 11:25:27','2017-09-21 11:25:33','127.0.0.1'),(313,1,'2017-09-21 11:26:37','2017-09-21 11:26:43','127.0.0.1'),(314,1,'2017-09-21 11:27:47','2017-09-21 11:27:53','127.0.0.1'),(315,1,'2017-09-21 14:00:58','2017-09-21 14:01:06','127.0.0.1'),(316,1,'2017-09-21 14:54:54','2017-09-21 14:55:02','127.0.0.1'),(317,1,'2017-09-21 14:57:46','2017-09-21 14:57:52','127.0.0.1'),(318,1,'2017-09-21 15:08:15','2017-09-21 15:08:21','127.0.0.1'),(319,1,'2017-09-21 15:18:25','2017-09-21 15:18:31','127.0.0.1'),(320,1,'2017-09-21 15:32:04','2017-09-21 15:32:11','127.0.0.1'),(321,1,'2017-09-21 15:35:32','2017-09-21 15:35:39','127.0.0.1'),(322,1,'2017-09-21 15:36:58','2017-09-21 15:37:05','127.0.0.1'),(323,1,'2017-09-21 15:43:27','2017-09-21 15:43:34','127.0.0.1'),(324,1,'2017-09-21 16:02:55','2017-09-21 16:03:00','127.0.0.1'),(325,1,'2017-09-21 16:25:21','2017-09-21 16:25:30','127.0.0.1'),(326,1,'2017-09-21 16:28:38','2017-09-21 16:28:47','127.0.0.1'),(327,1,'2017-09-21 16:33:18','2017-09-21 16:33:23','127.0.0.1'),(328,1,'2017-09-21 16:34:32','2017-09-21 16:34:39','127.0.0.1'),(329,1,'2017-09-21 16:36:46','2017-09-21 16:36:52','127.0.0.1'),(330,1,'2017-09-21 16:50:50','2017-09-21 16:50:56','127.0.0.1'),(331,1,'2017-09-21 17:28:47','2017-09-21 17:29:03','127.0.0.1'),(332,1,'2017-09-21 17:32:08','2017-09-21 17:32:24','127.0.0.1'),(333,1,'2017-09-21 18:16:41','2017-09-21 18:16:49','127.0.0.1'),(334,1,'2017-09-21 18:17:31','2017-09-21 18:17:39','127.0.0.1'),(335,1,'2017-09-21 18:26:06','2017-09-21 18:26:11','127.0.0.1'),(336,1,'2017-09-21 18:26:45','2017-09-21 18:26:51','127.0.0.1'),(337,1,'2017-09-21 18:30:17','2017-09-21 18:30:22','127.0.0.1'),(338,1,'2017-09-21 18:34:01','2017-09-21 18:34:07','127.0.0.1'),(339,1,'2017-09-21 18:34:52','2017-09-21 18:34:58','127.0.0.1'),(340,1,'2017-09-21 18:36:01','2017-09-21 18:36:06','127.0.0.1'),(341,1,'2017-09-21 18:38:57','2017-09-21 18:39:03','127.0.0.1'),(342,1,'2017-09-21 18:40:54','2017-09-21 18:40:59','127.0.0.1'),(343,1,'2017-09-21 18:41:31','2017-09-21 18:41:38','127.0.0.1'),(344,1,'2017-09-21 19:09:20','2017-09-21 19:09:27','127.0.0.1'),(345,1,'2017-09-21 19:10:56','2017-09-21 19:11:03','127.0.0.1'),(346,1,'2017-09-21 19:13:57','2017-09-21 19:14:04','127.0.0.1'),(347,1,'2017-09-22 09:50:22','2017-09-22 09:50:38','0:0:0:0:0:0:0:1'),(348,1,'2017-09-22 09:50:22','2017-09-22 09:50:38','0:0:0:0:0:0:0:1'),(349,1,'2017-09-22 10:37:17','2017-09-22 10:37:24','0:0:0:0:0:0:0:1'),(350,1,'2017-09-22 10:39:44','2017-09-22 10:39:49','0:0:0:0:0:0:0:1'),(351,1,'2017-09-22 10:44:33','2017-09-22 10:44:43','0:0:0:0:0:0:0:1'),(352,1,'2017-09-22 10:47:12','2017-09-22 10:47:19','0:0:0:0:0:0:0:1'),(353,1,'2017-09-22 10:49:05','2017-09-22 10:49:11','0:0:0:0:0:0:0:1'),(354,1,'2017-09-22 10:52:02','2017-09-22 10:52:08','0:0:0:0:0:0:0:1'),(355,1,'2017-09-22 10:53:22','2017-09-22 10:53:29','0:0:0:0:0:0:0:1'),(356,1,'2017-09-22 10:56:57','2017-09-22 10:57:04','0:0:0:0:0:0:0:1'),(357,1,'2017-09-22 11:02:29','2017-09-22 11:02:35','0:0:0:0:0:0:0:1'),(358,1,'2017-09-22 11:02:43','2017-09-22 11:02:49','0:0:0:0:0:0:0:1'),(359,1,'2017-09-22 11:07:13','2017-09-22 11:07:20','0:0:0:0:0:0:0:1'),(360,1,'2017-09-22 11:08:28','2017-09-22 11:08:33','0:0:0:0:0:0:0:1'),(361,1,'2017-09-22 11:10:11','2017-09-22 11:10:18','0:0:0:0:0:0:0:1'),(362,1,'2017-09-22 11:24:39','2017-09-22 11:24:44','0:0:0:0:0:0:0:1'),(363,1,'2017-09-22 11:56:04','2017-09-22 11:56:11','127.0.0.1'),(364,1,'2017-09-22 11:58:55','2017-09-22 11:59:01','127.0.0.1'),(365,1,'2017-09-22 13:41:09','2017-09-22 13:41:15','127.0.0.1'),(366,1,'2017-09-22 13:43:27','2017-09-22 13:43:34','127.0.0.1'),(367,1,'2017-09-22 14:13:48','2017-09-22 14:13:55','127.0.0.1');

/*Table structure for table `permission` */

DROP TABLE IF EXISTS `permission`;

CREATE TABLE `permission` (
  `id` int(5) NOT NULL AUTO_INCREMENT,
  `dir` varchar(50) COLLATE utf8_unicode_ci DEFAULT NULL,
  `page` varchar(50) COLLATE utf8_unicode_ci DEFAULT NULL,
  `operate` varchar(50) COLLATE utf8_unicode_ci DEFAULT NULL,
  `stateid` int(2) DEFAULT NULL,
  `name` varchar(50) COLLATE utf8_unicode_ci DEFAULT NULL,
  PRIMARY KEY (`id`)
) ENGINE=InnoDB AUTO_INCREMENT=11 DEFAULT CHARSET=utf8 COLLATE=utf8_unicode_ci;

/*Data for the table `permission` */

insert  into `permission`(`id`,`dir`,`page`,`operate`,`stateid`,`name`) values (1,'permission','role','get',2,'获取'),(2,'permission','role','add',2,'增加'),(3,'permission','role','update',1,'更新'),(4,'permission','role','delete',2,'删除'),(5,'permission','role','export',1,'导出'),(6,'permission','permission','get',1,'获取'),(7,'permission','permission','add',1,'增加'),(8,'permission','permission','update',1,'更新'),(9,'permission','permission','delete',1,'删除'),(10,'permission','permission','export',1,'导出');

/*Table structure for table `role` */

DROP TABLE IF EXISTS `role`;

CREATE TABLE `role` (
  `id` int(6) NOT NULL AUTO_INCREMENT,
  `role` varchar(20) COLLATE utf8_unicode_ci DEFAULT NULL,
  PRIMARY KEY (`id`)
) ENGINE=InnoDB AUTO_INCREMENT=9 DEFAULT CHARSET=utf8 COLLATE=utf8_unicode_ci;

/*Data for the table `role` */

insert  into `role`(`id`,`role`) values (1,'管理员'),(2,'用户'),(7,'经理'),(8,'大区经理');

/*Table structure for table `role_permission` */

DROP TABLE IF EXISTS `role_permission`;

CREATE TABLE `role_permission` (
  `id` int(5) NOT NULL AUTO_INCREMENT,
  `permissionids` varchar(50) COLLATE utf8_unicode_ci DEFAULT NULL,
  `roleid` int(5) DEFAULT NULL,
  PRIMARY KEY (`id`)
) ENGINE=InnoDB AUTO_INCREMENT=5 DEFAULT CHARSET=utf8 COLLATE=utf8_unicode_ci;

/*Data for the table `role_permission` */

insert  into `role_permission`(`id`,`permissionids`,`roleid`) values (1,'1,2,3,4,5,6,7,8,9,10',1),(2,'1,3',1),(3,'2',1),(4,'3,1,6',1);

/*Table structure for table `state` */

DROP TABLE IF EXISTS `state`;

CREATE TABLE `state` (
  `id` int(6) NOT NULL AUTO_INCREMENT,
  `state` varchar(20) COLLATE utf8_unicode_ci DEFAULT NULL,
  PRIMARY KEY (`id`)
) ENGINE=InnoDB AUTO_INCREMENT=3 DEFAULT CHARSET=utf8 COLLATE=utf8_unicode_ci;

/*Data for the table `state` */

insert  into `state`(`id`,`state`) values (1,'正常'),(2,'无效');

/*Table structure for table `user` */

DROP TABLE IF EXISTS `user`;

CREATE TABLE `user` (
  `id` int(6) NOT NULL AUTO_INCREMENT,
  `name` varchar(20) COLLATE utf8_unicode_ci DEFAULT NULL,
  `username` varchar(20) COLLATE utf8_unicode_ci DEFAULT NULL,
  `password` varchar(20) COLLATE utf8_unicode_ci DEFAULT NULL,
  `roleid` int(1) DEFAULT NULL,
  `stateid` int(1) DEFAULT NULL,
  `mail` varchar(50) COLLATE utf8_unicode_ci DEFAULT NULL,
  `telphone` varchar(50) COLLATE utf8_unicode_ci DEFAULT NULL,
  PRIMARY KEY (`id`)
) ENGINE=InnoDB AUTO_INCREMENT=14 DEFAULT CHARSET=utf8 COLLATE=utf8_unicode_ci;

/*Data for the table `user` */

insert  into `user`(`id`,`name`,`username`,`password`,`roleid`,`stateid`,`mail`,`telphone`) values (1,'1','1','1',1,1,'1','1'),(2,'name','username','password',2,2,'mail','telphone'),(3,'3','3','3',1,1,'3','3'),(4,'4','4','4',2,1,'4','4'),(5,'5','5','5',2,2,'5','5'),(6,'6','6','6',2,2,'6','6'),(7,'7','7','7',1,2,'7','7'),(8,'8','8','8',2,2,'8','8'),(9,'9','9','9',1,1,'9','9'),(10,'10','10','10',1,1,'10','10'),(11,'11','11','11',2,2,'11','11'),(12,'12','12','12',1,2,'12','12'),(13,'13','13','13',1,2,'13','13');

/*!40101 SET SQL_MODE=@OLD_SQL_MODE */;
/*!40014 SET FOREIGN_KEY_CHECKS=@OLD_FOREIGN_KEY_CHECKS */;
/*!40014 SET UNIQUE_CHECKS=@OLD_UNIQUE_CHECKS */;
/*!40111 SET SQL_NOTES=@OLD_SQL_NOTES */;
